{"cameraMode":{"drawMode":0,"name":"Shaded","section":"Shading Mode"},"sceneLighting":true,"audioPlay":false,"sceneViewState":{"m_AlwaysRefresh":false,"showFog":true,"showSkybox":true,"showFlares":true,"showImageEffects":true,"showParticleSystems":true,"showVisualEffectGraphs":true,"m_FxEnabled":true},"in2DMode":false,"pivot":{"x":-3.2705225944519045,"y":31.683395385742189,"z":1.9509057998657227},"rotation":{"x":0.03988911584019661,"y":-0.9228371381759644,"z":0.09949397295713425,"w":0.3699814975261688},"size":3.5581884384155275,"orthographic":false}